index;smorfia;classes;;;;;;;;;
# index=0;;background;;;;;;;;;
# index=1;29;tench; Tinca tinca;;;;;;;;
# index=2;32;goldfish; Carassius auratus;;;;;;;;
# index=3;90;great white shark; white shark; man-eater; man-eating shark; Carcharodon carcharias;;;;;
# index=4;90;tiger shark; Galeocerdo cuvieri;;;;;;;;
# index=5;90;hammerhead; hammerhead shark;;;;;;;;
# index=6;32;electric ray; crampfish; numbfish; torpedo;;;;;;
# index=7;32;stingray;;;;;;;;;
# index=8;29;cock;;;;;;;;;
# index=9;75;hen;;;;;;;;;
# index=10;35;ostrich; Struthio camelus;;;;;;;;
# index=11;35;brambling; Fringilla montifringilla;;;;;;;;
# index=12;35;goldfinch; Carduelis carduelis;;;;;;;;
# index=13;35;house finch; linnet; Carpodacus mexicanus;;;;;;;
# index=14;35;junco; snowbird;;;;;;;;
# index=15;35;indigo bunting; indigo finch; indigo bird; Passerina cyanea;;;;;;
# index=16;35;robin; American robin; Turdus migratorius;;;;;;;
# index=17;35;bulbul;;;;;;;;;
# index=18;35;jay;;;;;;;;;
# index=19;35;magpie;;;;;;;;;
# index=20;35;chickadee;;;;;;;;;
# index=21;35;water ouzel; dipper;;;;;;;;
# index=22;35;kite;;;;;;;;;
# index=23;35;bald eagle; American eagle; Haliaeetus leucocephalus;;;;;;;
# index=24;57;vulture;;;;;;;;;
# index=25;57;great grey owl; great gray owl; Strix nebulosa;;;;;;;
# index=26;32;European fire salamander; Salamandra salamandra;;;;;;;;
# index=27;32;common newt; Triturus vulgaris;;;;;;;;
# index=28;32;eft;;;;;;;;;
# index=29;32;spotted salamander; Ambystoma maculatum;;;;;;;;
# index=30;32;axolotl; mud puppy; Ambystoma mexicanum;;;;;;;
# index=31;32;bullfrog; Rana catesbeiana;;;;;;;;
# index=32;32;tree frog; tree-frog;;;;;;;;
# index=33;32;tailed frog; bell toad; ribbed toad; tailed toad; Ascaphus trui;;;;;
# index=34;89;loggerhead; loggerhead turtle; Caretta caretta;;;;;;;
# index=35;89;leatherback turtle; leatherback; leathery turtle; Dermochelys coriacea;;;;;;
# index=36;89;mud turtle;;;;;;;;;
# index=37;89;terrapin;;;;;;;;;
# index=38;89;box turtle; box tortoise;;;;;;;;
# index=39;32;banded gecko;;;;;;;;;
# index=40;32;common iguana; iguana; Iguana iguana;;;;;;;
# index=41;32;American chameleon; anole; Anolis carolinensis;;;;;;;
# index=42;32;whiptail; whiptail lizard;;;;;;;;
# index=43;32;agama;;;;;;;;;
# index=44;32;frilled lizard; Chlamydosaurus kingi;;;;;;;;
# index=45;32;alligator lizard;;;;;;;;;
# index=46;32;Gila monster; Heloderma suspectum;;;;;;;;
# index=47;32;green lizard; Lacerta viridis;;;;;;;;
# index=48;32;African chameleon; Chamaeleo chamaeleon;;;;;;;;
# index=49;32;Komodo dragon; Komodo lizard; dragon lizard; giant lizard; Varanus komodoensis;;;;;
# index=50;90;African crocodile; Nile crocodile; Crocodylus niloticus;;;;;;;
# index=51;90;American alligator; Alligator mississipiensis;;;;;;;;
# index=52;47;triceratops;;;;;;;;;
# index=53;32;thunder snake; worm snake; Carphophis amoenus;;;;;;;
# index=54;32;ringneck snake; ring-necked snake; ring snake;;;;;;;
# index=55;32;hognose snake; puff adder; sand viper;;;;;;;
# index=56;32;green snake; grass snake;;;;;;;;
# index=57;32;king snake; kingsnake;;;;;;;;
# index=58;32;garter snake; grass snake;;;;;;;;
# index=59;32;water snake;;;;;;;;;
# index=60;32;vine snake;;;;;;;;;
# index=61;32;night snake; Hypsiglena torquata;;;;;;;;
# index=62;32;boa constrictor; Constrictor constrictor;;;;;;;;
# index=63;32;rock python; rock snake; Python sebae;;;;;;;
# index=64;32;Indian cobra; Naja naja;;;;;;;;
# index=65;32;green mamba;;;;;;;;;
# index=66;32;sea snake;;;;;;;;;
# index=67;32;horned viper; cerastes; sand viper; horned asp; Cerastes cornutus;;;;;
# index=68;32;diamondback; diamondback rattlesnake; Crotalus adamanteus;;;;;;;
# index=69;32;sidewinder; horned rattlesnake; Crotalus cerastes;;;;;;;
# index=70;77;trilobite;;;;;;;;;
# index=71;87;harvestman; daddy longlegs; Phalangium opilio;;;;;;;
# index=72;90;scorpion;;;;;;;;;
# index=73;87;black and gold garden spider; Argiope aurantia;;;;;;;;
# index=74;87;barn spider; Araneus cavaticus;;;;;;;;
# index=75;87;garden spider; Aranea diademata;;;;;;;;
# index=76;90;black widow; Latrodectus mactans;;;;;;;;
# index=77;90;tarantula;;;;;;;;;
# index=78;87;wolf spider; hunting spider;;;;;;;;
# index=79;87;tick;;;;;;;;;
# index=80;87;centipede;;;;;;;;;
# index=81;75;black grouse;;;;;;;;;
# index=82;75;ptarmigan;;;;;;;;;
# index=83;35;ruffed grouse; partridge; Bonasa umbellus;;;;;;;
# index=84;35;prairie chicken; prairie grouse; prairie fowl;;;;;;;
# index=85;64;peacock;;;;;;;;;
# index=86;35;quail;;;;;;;;;
# index=87;35;partridge;;;;;;;;;
# index=88;35;African grey; African gray; Psittacus erithacus;;;;;;;
# index=89;64;macaw;;;;;;;;;
# index=90;64;sulphur-crested cockatoo; Kakatoe galerita; Cacatua galerita;;;;;;;
# index=91;64;lorikeet;;;;;;;;;
# index=92;35;coucal;;;;;;;;;
# index=93;35;bee eater;;;;;;;;;
# index=94;29;hornbill;;;;;;;;;
# index=95;35;hummingbird;;;;;;;;;
# index=96;35;jacamar;;;;;;;;;
# index=97;29;toucan;;;;;;;;;
# index=98;35;drake;;;;;;;;;
# index=99;35;red-breasted merganser; Mergus serrator;;;;;;;;
# index=100;35;goose;;;;;;;;;
# index=101;35;black swan; Cygnus atratus;;;;;;;;
# index=102;;tusker;;;;;;;;;
# index=103;;echidna; spiny anteater; anteater;;;;;;;
# index=104;;platypus; duckbill; duckbilled platypus; duck-billed platypus; Ornithorhynchus anatinus;;;;;
# index=105;;wallaby; brush kangaroo;;;;;;;;
# index=106;;koala; koala bear; kangaroo bear; native bear; Phascolarctos cinereus;;;;;
# index=107;;wombat;;;;;;;;;
# index=108;;jellyfish;;;;;;;;;
# index=109;;sea anemone; anemone;;;;;;;;
# index=110;;brain coral;;;;;;;;;
# index=111;;flatworm; platyhelminth;;;;;;;;
# index=112;;nematode; nematode worm; roundworm;;;;;;;
# index=113;;conch;;;;;;;;;
# index=114;;snail;;;;;;;;;
# index=115;;slug;;;;;;;;;
# index=116;;sea slug; nudibranch;;;;;;;;
# index=117;;chiton; coat-of-mail shell; sea cradle; polyplacophore;;;;;;
# index=118;;chambered nautilus; pearly nautilus; nautilus;;;;;;;
# index=119;;Dungeness crab; Cancer magister;;;;;;;;
# index=120;;rock crab; Cancer irroratus;;;;;;;;
# index=121;;fiddler crab;;;;;;;;;
# index=122;;king crab; Alaska crab; Alaskan king crab; Alaska king crab; Paralithodes camtschatica;;;;;
# index=123;;American lobster; Northern lobster; Maine lobster; Homarus americanus;;;;;;
# index=124;;spiny lobster; langouste; rock lobster; crawfish; crayfish; sea crawfish;;;;
# index=125;;crayfish; crawfish; crawdad; crawdaddy;;;;;;
# index=126;;hermit crab;;;;;;;;;
# index=127;;isopod;;;;;;;;;
# index=128;;white stork; Ciconia ciconia;;;;;;;;
# index=129;;black stork; Ciconia nigra;;;;;;;;
# index=130;;spoonbill;;;;;;;;;
# index=131;;flamingo;;;;;;;;;
# index=132;;little blue heron; Egretta caerulea;;;;;;;;
# index=133;;American egret; great white heron; Egretta albus;;;;;;;
# index=134;;bittern;;;;;;;;;
# index=135;;crane;;;;;;;;;
# index=136;;limpkin; Aramus pictus;;;;;;;;
# index=137;;European gallinule; Porphyrio porphyrio;;;;;;;;
# index=138;;American coot; marsh hen; mud hen; water hen; Fulica americana;;;;;
# index=139;;bustard;;;;;;;;;
# index=140;;ruddy turnstone; Arenaria interpres;;;;;;;;
# index=141;;red-backed sandpiper; dunlin; Erolia alpina;;;;;;;
# index=142;;redshank; Tringa totanus;;;;;;;;
# index=143;;dowitcher;;;;;;;;;
# index=144;;oystercatcher; oyster catcher;;;;;;;;
# index=145;;pelican;;;;;;;;;
# index=146;;king penguin; Aptenodytes patagonica;;;;;;;;
# index=147;;albatross; mollymawk;;;;;;;;
# index=148;;grey whale; gray whale; devilfish; Eschrichtius gibbosus; Eschrichtius robustus;;;;;
# index=149;;killer whale; killer; orca; grampus; sea wolf; Orcinus orca;;;;
# index=150;;dugong; Dugong dugon;;;;;;;;
# index=151;;sea lion;;;;;;;;;
# index=152;;Chihuahua;;;;;;;;;
# index=153;;Japanese spaniel;;;;;;;;;
# index=154;;Maltese dog; Maltese terrier; Maltese;;;;;;;
# index=155;;Pekinese; Pekingese; Peke;;;;;;;
# index=156;;Shih-Tzu;;;;;;;;;
# index=157;;Blenheim spaniel;;;;;;;;;
# index=158;;papillon;;;;;;;;;
# index=159;;toy terrier;;;;;;;;;
# index=160;;Rhodesian ridgeback;;;;;;;;;
# index=161;;Afghan hound; Afghan;;;;;;;;
# index=162;;basset; basset hound;;;;;;;;
# index=163;;beagle;;;;;;;;;
# index=164;;bloodhound; sleuthhound;;;;;;;;
# index=165;;bluetick;;;;;;;;;
# index=166;;black-and-tan coonhound;;;;;;;;;
# index=167;;Walker hound; Walker foxhound;;;;;;;;
# index=168;;English foxhound;;;;;;;;;
# index=169;;redbone;;;;;;;;;
# index=170;;borzoi; Russian wolfhound;;;;;;;;
# index=171;;Irish wolfhound;;;;;;;;;
# index=172;;Italian greyhound;;;;;;;;;
# index=173;;whippet;;;;;;;;;
# index=174;;Ibizan hound; Ibizan Podenco;;;;;;;;
# index=175;;Norwegian elkhound; elkhound;;;;;;;;
# index=176;;otterhound; otter hound;;;;;;;;
# index=177;;Saluki; gazelle hound;;;;;;;;
# index=178;;Scottish deerhound; deerhound;;;;;;;;
# index=179;;Weimaraner;;;;;;;;;
# index=180;;Staffordshire bullterrier; Staffordshire bull terrier;;;;;;;;
# index=181;;American Staffordshire terrier; Staffordshire terrier; American pit bull terrier; pit bull terrier;;;;;;
# index=182;;Bedlington terrier;;;;;;;;;
# index=183;;Border terrier;;;;;;;;;
# index=184;;Kerry blue terrier;;;;;;;;;
# index=185;;Irish terrier;;;;;;;;;
# index=186;;Norfolk terrier;;;;;;;;;
# index=187;;Norwich terrier;;;;;;;;;
# index=188;;Yorkshire terrier;;;;;;;;;
# index=189;;wire-haired fox terrier;;;;;;;;;
# index=190;;Lakeland terrier;;;;;;;;;
# index=191;;Sealyham terrier; Sealyham;;;;;;;;
# index=192;;Airedale; Airedale terrier;;;;;;;;
# index=193;;cairn; cairn terrier;;;;;;;;
# index=194;;Australian terrier;;;;;;;;;
# index=195;;Dandie Dinmont; Dandie Dinmont terrier;;;;;;;;
# index=196;;Boston bull; Boston terrier;;;;;;;;
# index=197;;miniature schnauzer;;;;;;;;;
# index=198;;giant schnauzer;;;;;;;;;
# index=199;;standard schnauzer;;;;;;;;;
# index=200;;Scotch terrier; Scottish terrier; Scottie;;;;;;;
# index=201;;Tibetan terrier; chrysanthemum dog;;;;;;;;
# index=202;;silky terrier; Sydney silky;;;;;;;;
# index=203;;soft-coated wheaten terrier;;;;;;;;;
# index=204;;West Highland white terrier;;;;;;;;;
# index=205;;Lhasa; Lhasa apso;;;;;;;;
# index=206;;flat-coated retriever;;;;;;;;;
# index=207;;curly-coated retriever;;;;;;;;;
# index=208;;golden retriever;;;;;;;;;
# index=209;;Labrador retriever;;;;;;;;;
# index=210;;Chesapeake Bay retriever;;;;;;;;;
# index=211;;German short-haired pointer;;;;;;;;;
# index=212;;vizsla; Hungarian pointer;;;;;;;;
# index=213;;English setter;;;;;;;;;
# index=214;;Irish setter; red setter;;;;;;;;
# index=215;;Gordon setter;;;;;;;;;
# index=216;;Brittany spaniel;;;;;;;;;
# index=217;;clumber; clumber spaniel;;;;;;;;
# index=218;;English springer; English springer spaniel;;;;;;;;
# index=219;;Welsh springer spaniel;;;;;;;;;
# index=220;;cocker spaniel; English cocker spaniel; cocker;;;;;;;
# index=221;;Sussex spaniel;;;;;;;;;
# index=222;;Irish water spaniel;;;;;;;;;
# index=223;;kuvasz;;;;;;;;;
# index=224;;schipperke;;;;;;;;;
# index=225;;groenendael;;;;;;;;;
# index=226;;malinois;;;;;;;;;
# index=227;;briard;;;;;;;;;
# index=228;;kelpie;;;;;;;;;
# index=229;;komondor;;;;;;;;;
# index=230;;Old English sheepdog; bobtail;;;;;;;;
# index=231;;Shetland sheepdog; Shetland sheep dog; Shetland;;;;;;;
# index=232;;collie;;;;;;;;;
# index=233;;Border collie;;;;;;;;;
# index=234;;Bouvier des Flandres; Bouviers des Flandres;;;;;;;;
# index=235;;Rottweiler;;;;;;;;;
# index=236;;German shepherd; German shepherd dog; German police dog; alsatian;;;;;;
# index=237;;Doberman; Doberman pinscher;;;;;;;;
# index=238;;miniature pinscher;;;;;;;;;
# index=239;;Greater Swiss Mountain dog;;;;;;;;;
# index=240;;Bernese mountain dog;;;;;;;;;
# index=241;;Appenzeller;;;;;;;;;
# index=242;;EntleBucher;;;;;;;;;
# index=243;;boxer;;;;;;;;;
# index=244;;bull mastiff;;;;;;;;;
# index=245;;Tibetan mastiff;;;;;;;;;
# index=246;;French bulldog;;;;;;;;;
# index=247;;Great Dane;;;;;;;;;
# index=248;;Saint Bernard; St Bernard;;;;;;;;
# index=249;;Eskimo dog; husky;;;;;;;;
# index=250;;malamute; malemute; Alaskan malamute;;;;;;;
# index=251;;Siberian husky;;;;;;;;;
# index=252;;dalmatian; coach dog; carriage dog;;;;;;;
# index=253;;affenpinscher; monkey pinscher; monkey dog;;;;;;;
# index=254;;basenji;;;;;;;;;
# index=255;;pug; pug-dog;;;;;;;;
# index=256;;Leonberg;;;;;;;;;
# index=257;;Newfoundland; Newfoundland dog;;;;;;;;
# index=258;;Great Pyrenees;;;;;;;;;
# index=259;;Samoyed; Samoyede;;;;;;;;
# index=260;;Pomeranian;;;;;;;;;
# index=261;;chow; chow chow;;;;;;;;
# index=262;;keeshond;;;;;;;;;
# index=263;;Brabancon griffon;;;;;;;;;
# index=264;;Pembroke; Pembroke Welsh corgi;;;;;;;;
# index=265;;Cardigan; Cardigan Welsh corgi;;;;;;;;
# index=266;;toy poodle;;;;;;;;;
# index=267;;miniature poodle;;;;;;;;;
# index=268;;standard poodle;;;;;;;;;
# index=269;;Mexican hairless;;;;;;;;;
# index=270;;timber wolf; grey wolf; gray wolf; Canis lupus;;;;;;
# index=271;;white wolf; Arctic wolf; Canis lupus tundrarum;;;;;;;
# index=272;;red wolf; maned wolf; Canis rufus; Canis niger;;;;;;
# index=273;;coyote; prairie wolf; brush wolf; Canis latrans;;;;;;
# index=274;;dingo; warrigal; warragal; Canis dingo;;;;;;
# index=275;;dhole; Cuon alpinus;;;;;;;;
# index=276;;African hunting dog; hyena dog; Cape hunting dog; Lycaon pictus;;;;;;
# index=277;;hyena; hyaena;;;;;;;;
# index=278;;red fox; Vulpes vulpes;;;;;;;;
# index=279;;kit fox; Vulpes macrotis;;;;;;;;
# index=280;;Arctic fox; white fox; Alopex lagopus;;;;;;;
# index=281;;grey fox; gray fox; Urocyon cinereoargenteus;;;;;;;
# index=282;;tabby; tabby cat;;;;;;;;
# index=283;;tiger cat;;;;;;;;;
# index=284;;Persian cat;;;;;;;;;
# index=285;;Siamese cat; Siamese;;;;;;;;
# index=286;;Egyptian cat;;;;;;;;;
# index=287;;cougar; puma; catamount; mountain lion; painter; panther; Felis concolor;;;
# index=288;;lynx; catamount;;;;;;;;
# index=289;;leopard; Panthera pardus;;;;;;;;
# index=290;;snow leopard; ounce; Panthera uncia;;;;;;;
# index=291;;jaguar; panther; Panthera onca; Felis onca;;;;;;
# index=292;;lion; king of beasts; Panthera leo;;;;;;;
# index=293;;tiger; Panthera tigris;;;;;;;;
# index=294;;cheetah; chetah; Acinonyx jubatus;;;;;;;
# index=295;;brown bear; bruin; Ursus arctos;;;;;;;
# index=296;;American black bear; black bear; Ursus americanus; Euarctos americanus;;;;;;
# index=297;;ice bear; polar bear; Ursus Maritimus; Thalarctos maritimus;;;;;;
# index=298;;sloth bear; Melursus ursinus; Ursus ursinus;;;;;;;
# index=299;;mongoose;;;;;;;;;
# index=300;;meerkat; mierkat;;;;;;;;
# index=301;;tiger beetle;;;;;;;;;
# index=302;;ladybug; ladybeetle; lady beetle; ladybird; ladybird beetle;;;;;
# index=303;;ground beetle; carabid beetle;;;;;;;;
# index=304;;long-horned beetle; longicorn; longicorn beetle;;;;;;;
# index=305;;leaf beetle; chrysomelid;;;;;;;;
# index=306;;dung beetle;;;;;;;;;
# index=307;;rhinoceros beetle;;;;;;;;;
# index=308;;weevil;;;;;;;;;
# index=309;;fly;;;;;;;;;
# index=310;;bee;;;;;;;;;
# index=311;;ant; emmet; pismire;;;;;;;
# index=312;;grasshopper; hopper;;;;;;;;
# index=313;;cricket;;;;;;;;;
# index=314;;walking stick; walkingstick; stick insect;;;;;;;
# index=315;;cockroach; roach;;;;;;;;
# index=316;;mantis; mantid;;;;;;;;
# index=317;;cicada; cicala;;;;;;;;
# index=318;;leafhopper;;;;;;;;;
# index=319;;lacewing; lacewing fly;;;;;;;;
# index=320;;dragonfly; darning needle;" ""devils darning needle"""; sewing needle; snake feeder; snake doctor; mosquito hawk; skeeter hawk;;
# index=321;;damselfly;;;;;;;;;
# index=322;;admiral;;;;;;;;;
# index=323;;ringlet; ringlet butterfly;;;;;;;;
# index=324;;monarch; monarch butterfly; milkweed butterfly; Danaus plexippus;;;;;;
# index=325;;cabbage butterfly;;;;;;;;;
# index=326;;sulphur butterfly; sulfur butterfly;;;;;;;;
# index=327;;lycaenid; lycaenid butterfly;;;;;;;;
# index=328;;starfish; sea star;;;;;;;;
# index=329;;sea urchin;;;;;;;;;
# index=330;;sea cucumber; holothurian;;;;;;;;
# index=331;;wood rabbit; cottontail; cottontail rabbit;;;;;;;
# index=332;;hare;;;;;;;;;
# index=333;;Angora; Angora rabbit;;;;;;;;
# index=334;;hamster;;;;;;;;;
# index=335;;porcupine; hedgehog;;;;;;;;
# index=336;;fox squirrel; eastern fox squirrel; Sciurus niger;;;;;;;
# index=337;;marmot;;;;;;;;;
# index=338;;beaver;;;;;;;;;
# index=339;;guinea pig; Cavia cobaya;;;;;;;;
# index=340;;sorrel;;;;;;;;;
# index=341;;zebra;;;;;;;;;
# index=342;;hog; pig; grunter; squealer; Sus scrofa;;;;;
# index=343;;wild boar; boar; Sus scrofa;;;;;;;
# index=344;;warthog;;;;;;;;;
# index=345;;hippopotamus; hippo; river horse; Hippopotamus amphibius;;;;;;
# index=346;;ox;;;;;;;;;
# index=347;;water buffalo; water ox; Asiatic buffalo; Bubalus bubalis;;;;;;
# index=348;;bison;;;;;;;;;
# index=349;;ram; tup;;;;;;;;
# index=350;;bighorn; bighorn sheep; cimarron; Rocky Mountain bighorn; Rocky Mountain sheep; Ovis canadensis;;;;
# index=351;;ibex; Capra ibex;;;;;;;;
# index=352;;hartebeest;;;;;;;;;
# index=353;;impala; Aepyceros melampus;;;;;;;;
# index=354;;gazelle;;;;;;;;;
# index=355;;Arabian camel; dromedary; Camelus dromedarius;;;;;;;
# index=356;;llama;;;;;;;;;
# index=357;;weasel;;;;;;;;;
# index=358;;mink;;;;;;;;;
# index=359;;polecat; fitch; foulmart; foumart; Mustela putorius;;;;;
# index=360;;black-footed ferret; ferret; Mustela nigripes;;;;;;;
# index=361;;otter;;;;;;;;;
# index=362;;skunk; polecat; wood pussy;;;;;;;
# index=363;;badger;;;;;;;;;
# index=364;;armadillo;;;;;;;;;
# index=365;;three-toed sloth; ai; Bradypus tridactylus;;;;;;;
# index=366;;orangutan; orang; orangutang; Pongo pygmaeus;;;;;;
# index=367;;gorilla; Gorilla gorilla;;;;;;;;
# index=368;;chimpanzee; chimp; Pan troglodytes;;;;;;;
# index=369;;gibbon; Hylobates lar;;;;;;;;
# index=370;;siamang; Hylobates syndactylus; Symphalangus syndactylus;;;;;;;
# index=371;;guenon; guenon monkey;;;;;;;;
# index=372;;patas; hussar monkey; Erythrocebus patas;;;;;;;
# index=373;;baboon;;;;;;;;;
# index=374;;macaque;;;;;;;;;
# index=375;;langur;;;;;;;;;
# index=376;;colobus; colobus monkey;;;;;;;;
# index=377;;proboscis monkey; Nasalis larvatus;;;;;;;;
# index=378;;marmoset;;;;;;;;;
# index=379;;capuchin; ringtail; Cebus capucinus;;;;;;;
# index=380;;howler monkey; howler;;;;;;;;
# index=381;;titi; titi monkey;;;;;;;;
# index=382;;spider monkey; Ateles geoffroyi;;;;;;;;
# index=383;;squirrel monkey; Saimiri sciureus;;;;;;;;
# index=384;;Madagascar cat; ring-tailed lemur; Lemur catta;;;;;;;
# index=385;;indri; indris; Indri indri; Indri brevicaudatus;;;;;;
# index=386;;Indian elephant; Elephas maximus;;;;;;;;
# index=387;;African elephant; Loxodonta africana;;;;;;;;
# index=388;;lesser panda; red panda; panda; bear cat; cat bear; Ailurus fulgens;;;;
# index=389;;giant panda; panda; panda bear; coon bear; Ailuropoda melanoleuca;;;;;
# index=390;;barracouta; snoek;;;;;;;;
# index=391;;eel;;;;;;;;;
# index=392;;coho; cohoe; coho salmon; blue jack; silver salmon; Oncorhynchus kisutch;;;;
# index=393;;rock beauty; Holocanthus tricolor;;;;;;;;
# index=394;;anemone fish;;;;;;;;;
# index=395;;sturgeon;;;;;;;;;
# index=396;;gar; garfish; garpike; billfish; Lepisosteus osseus;;;;;
# index=397;;lionfish;;;;;;;;;
# index=398;;puffer; pufferfish; blowfish; globefish;;;;;;
# index=399;;abacus;;;;;;;;;
# index=400;;abaya;;;;;;;;;
# index=401;;academic gown; academic robe;" ""judges robe""";;;;;;;
# index=402;;accordion; piano accordion; squeeze box;;;;;;;
# index=403;;acoustic guitar;;;;;;;;;
# index=404;;aircraft carrier; carrier; flattop; attack aircraft carrier;;;;;;
# index=405;;airliner;;;;;;;;;
# index=406;;airship; dirigible;;;;;;;;
# index=407;;altar;;;;;;;;;
# index=408;;ambulance;;;;;;;;;
# index=409;;amphibian; amphibious vehicle;;;;;;;;
# index=410;;analog clock;;;;;;;;;
# index=411;;apiary; bee house;;;;;;;;
# index=412;;apron;;;;;;;;;
# index=413;;ashcan; trash can; garbage can; wastebin; ash bin; ash-bin; ashbin; dustbin; trash barrel; trash bin
# index=414;;assault rifle; assault gun;;;;;;;;
# index=415;;backpack; back pack; knapsack; packsack; rucksack; haversack;;;;
# index=416;;bakery; bakeshop; bakehouse;;;;;;;
# index=417;;balance beam; beam;;;;;;;;
# index=418;;balloon;;;;;;;;;
# index=419;;ballpoint; ballpoint pen; ballpen; Biro;;;;;;
# index=420;;Band Aid;;;;;;;;;
# index=421;;banjo;;;;;;;;;
# index=422;;bannister; banister; balustrade; balusters; handrail;;;;;
# index=423;;barbell;;;;;;;;;
# index=424;;barber chair;;;;;;;;;
# index=425;;barbershop;;;;;;;;;
# index=426;;barn;;;;;;;;;
# index=427;;barometer;;;;;;;;;
# index=428;;barrel; cask;;;;;;;;
# index=429;;barrow; garden cart; lawn cart; wheelbarrow;;;;;;
# index=430;;baseball;;;;;;;;;
# index=431;;basketball;;;;;;;;;
# index=432;;bassinet;;;;;;;;;
# index=433;;bassoon;;;;;;;;;
# index=434;;bathing cap; swimming cap;;;;;;;;
# index=435;;bath towel;;;;;;;;;
# index=436;;bathtub; bathing tub; bath; tub;;;;;;
# index=437;;beach wagon; station wagon; wagon; estate car; beach waggon; station waggon; waggon;;;
# index=438;;beacon; lighthouse; beacon light; pharos;;;;;;
# index=439;;beaker;;;;;;;;;
# index=440;;bearskin; busby; shako;;;;;;;
# index=441;;beer bottle;;;;;;;;;
# index=442;;beer glass;;;;;;;;;
# index=443;;bell cote; bell cot;;;;;;;;
# index=444;;bib;;;;;;;;;
# index=445;;bicycle-built-for-two; tandem bicycle; tandem;;;;;;;
# index=446;;bikini; two-piece;;;;;;;;
# index=447;;binder; ring-binder;;;;;;;;
# index=448;;binoculars; field glasses; opera glasses;;;;;;;
# index=449;;birdhouse;;;;;;;;;
# index=450;;boathouse;;;;;;;;;
# index=451;;bobsled; bobsleigh; bob;;;;;;;
# index=452;;bolo tie; bolo; bola tie; bola;;;;;;
# index=453;;bonnet; poke bonnet;;;;;;;;
# index=454;;bookcase;;;;;;;;;
# index=455;;bookshop; bookstore; bookstall;;;;;;;
# index=456;;bottlecap;;;;;;;;;
# index=457;;bow;;;;;;;;;
# index=458;;bow tie; bow-tie; bowtie;;;;;;;
# index=459;;brass; memorial tablet; plaque;;;;;;;
# index=460;;brassiere; bra; bandeau;;;;;;;
# index=461;;breakwater; groin; groyne; mole; bulwark; seawall; jetty;;;
# index=462;;breastplate; aegis; egis;;;;;;;
# index=463;;broom;;;;;;;;;
# index=464;;bucket; pail;;;;;;;;
# index=465;;buckle;;;;;;;;;
# index=466;;bulletproof vest;;;;;;;;;
# index=467;;bullet train; bullet;;;;;;;;
# index=468;;butcher shop; meat market;;;;;;;;
# index=469;;cab; hack; taxi; taxicab;;;;;;
# index=470;;caldron; cauldron;;;;;;;;
# index=471;;candle; taper; wax light;;;;;;;
# index=472;;cannon;;;;;;;;;
# index=473;;canoe;;;;;;;;;
# index=474;;can opener; tin opener;;;;;;;;
# index=475;;cardigan;;;;;;;;;
# index=476;;car mirror;;;;;;;;;
# index=477;;carousel; carrousel; merry-go-round; roundabout; whirligig;;;;;
# index=478;;"""carpenters kit"""; tool kit;;;;;;;;
# index=479;;carton;;;;;;;;;
# index=480;;car wheel;;;;;;;;;
# index=481;;cash machine; cash dispenser; automated teller machine; automatic teller machine; automated teller; automatic teller; ATM;;;
# index=482;;cassette;;;;;;;;;
# index=483;;cassette player;;;;;;;;;
# index=484;;castle;;;;;;;;;
# index=485;;catamaran;;;;;;;;;
# index=486;;CD player;;;;;;;;;
# index=487;;cello; violoncello;;;;;;;;
# index=488;;cellular telephone; cellular phone; cellphone; cell; mobile phone;;;;;
# index=489;;chain;;;;;;;;;
# index=490;;chainlink fence;;;;;;;;;
# index=491;;chain mail; ring mail; mail; chain armor; chain armour; ring armor; ring armour;;;
# index=492;;chain saw; chainsaw;;;;;;;;
# index=493;;chest;;;;;;;;;
# index=494;;chiffonier; commode;;;;;;;;
# index=495;;chime; bell; gong;;;;;;;
# index=496;;china cabinet; china closet;;;;;;;;
# index=497;;Christmas stocking;;;;;;;;;
# index=498;;church; church building;;;;;;;;
# index=499;;cinema; movie theater; movie theatre; movie house; picture palace;;;;;
# index=500;;cleaver; meat cleaver; chopper;;;;;;;
# index=501;;cliff dwelling;;;;;;;;;
# index=502;;cloak;;;;;;;;;
# index=503;;clog; geta; patten; sabot;;;;;;
# index=504;;cocktail shaker;;;;;;;;;
# index=505;;coffee mug;;;;;;;;;
# index=506;;coffeepot;;;;;;;;;
# index=507;;coil; spiral; volute; whorl; helix;;;;;
# index=508;;combination lock;;;;;;;;;
# index=509;;computer keyboard; keypad;;;;;;;;
# index=510;;confectionery; confectionary; candy store;;;;;;;
# index=511;;container ship; containership; container vessel;;;;;;;
# index=512;;convertible;;;;;;;;;
# index=513;;corkscrew; bottle screw;;;;;;;;
# index=514;;cornet; horn; trumpet; trump;;;;;;
# index=515;;cowboy boot;;;;;;;;;
# index=516;;cowboy hat; ten-gallon hat;;;;;;;;
# index=517;;cradle;;;;;;;;;
# index=518;;crane;;;;;;;;;
# index=519;;crash helmet;;;;;;;;;
# index=520;;crate;;;;;;;;;
# index=521;;crib; cot;;;;;;;;
# index=522;;Crock Pot;;;;;;;;;
# index=523;;croquet ball;;;;;;;;;
# index=524;;crutch;;;;;;;;;
# index=525;;cuirass;;;;;;;;;
# index=526;;dam; dike; dyke;;;;;;;
# index=527;;desk;;;;;;;;;
# index=528;;desktop computer;;;;;;;;;
# index=529;;dial telephone; dial phone;;;;;;;;
# index=530;;diaper; nappy; napkin;;;;;;;
# index=531;;digital clock;;;;;;;;;
# index=532;;digital watch;;;;;;;;;
# index=533;;dining table; board;;;;;;;;
# index=534;;dishrag; dishcloth;;;;;;;;
# index=535;;dishwasher; dish washer; dishwashing machine;;;;;;;
# index=536;;disk brake; disc brake;;;;;;;;
# index=537;;dock; dockage; docking facility;;;;;;;
# index=538;;dogsled; dog sled; dog sleigh;;;;;;;
# index=539;;dome;;;;;;;;;
# index=540;;doormat; welcome mat;;;;;;;;
# index=541;;drilling platform; offshore rig;;;;;;;;
# index=542;;drum; membranophone; tympan;;;;;;;
# index=543;;drumstick;;;;;;;;;
# index=544;;dumbbell;;;;;;;;;
# index=545;;Dutch oven;;;;;;;;;
# index=546;;electric fan; blower;;;;;;;;
# index=547;;electric guitar;;;;;;;;;
# index=548;;electric locomotive;;;;;;;;;
# index=549;;entertainment center;;;;;;;;;
# index=550;;envelope;;;;;;;;;
# index=551;;espresso maker;;;;;;;;;
# index=552;;face powder;;;;;;;;;
# index=553;;feather boa; boa;;;;;;;;
# index=554;;file; file cabinet; filing cabinet;;;;;;;
# index=555;;fireboat;;;;;;;;;
# index=556;;fire engine; fire truck;;;;;;;;
# index=557;;fire screen; fireguard;;;;;;;;
# index=558;;flagpole; flagstaff;;;;;;;;
# index=559;;flute; transverse flute;;;;;;;;
# index=560;;folding chair;;;;;;;;;
# index=561;;football helmet;;;;;;;;;
# index=562;;forklift;;;;;;;;;
# index=563;;fountain;;;;;;;;;
# index=564;;fountain pen;;;;;;;;;
# index=565;;four-poster;;;;;;;;;
# index=566;;freight car;;;;;;;;;
# index=567;;French horn; horn;;;;;;;;
# index=568;;frying pan; frypan; skillet;;;;;;;
# index=569;;fur coat;;;;;;;;;
# index=570;;garbage truck; dustcart;;;;;;;;
# index=571;;gasmask; respirator; gas helmet;;;;;;;
# index=572;;gas pump; gasoline pump; petrol pump; island dispenser;;;;;;
# index=573;;goblet;;;;;;;;;
# index=574;;go-kart;;;;;;;;;
# index=575;;golf ball;;;;;;;;;
# index=576;;golfcart; golf cart;;;;;;;;
# index=577;;gondola;;;;;;;;;
# index=578;;gong; tam-tam;;;;;;;;
# index=579;;gown;;;;;;;;;
# index=580;;grand piano; grand;;;;;;;;
# index=581;;greenhouse; nursery; glasshouse;;;;;;;
# index=582;;grille; radiator grille;;;;;;;;
# index=583;;grocery store; grocery; food market; market;;;;;;
# index=584;;guillotine;;;;;;;;;
# index=585;;hair slide;;;;;;;;;
# index=586;;hair spray;;;;;;;;;
# index=587;;half track;;;;;;;;;
# index=588;;hammer;;;;;;;;;
# index=589;;hamper;;;;;;;;;
# index=590;;hand blower; blow dryer; blow drier; hair dryer; hair drier;;;;;
# index=591;;hand-held computer; hand-held microcomputer;;;;;;;;
# index=592;;handkerchief; hankie; hanky; hankey;;;;;;
# index=593;;hard disc; hard disk; fixed disk;;;;;;;
# index=594;;harmonica; mouth organ; harp; mouth harp;;;;;;
# index=595;;harp;;;;;;;;;
# index=596;;harvester; reaper;;;;;;;;
# index=597;;hatchet;;;;;;;;;
# index=598;;holster;;;;;;;;;
# index=599;;home theater; home theatre;;;;;;;;
# index=600;;honeycomb;;;;;;;;;
# index=601;;hook; claw;;;;;;;;
# index=602;;hoopskirt; crinoline;;;;;;;;
# index=603;;horizontal bar; high bar;;;;;;;;
# index=604;;horse cart; horse-cart;;;;;;;;
# index=605;;hourglass;;;;;;;;;
# index=606;;iPod;;;;;;;;;
# index=607;;iron; smoothing iron;;;;;;;;
# index=608;;"""jack-o-lantern""";;;;;;;;;
# index=609;;jean; blue jean; denim;;;;;;;
# index=610;;jeep; landrover;;;;;;;;
# index=611;;jersey; T-shirt; tee shirt;;;;;;;
# index=612;;jigsaw puzzle;;;;;;;;;
# index=613;;jinrikisha; ricksha; rickshaw;;;;;;;
# index=614;;joystick;;;;;;;;;
# index=615;;kimono;;;;;;;;;
# index=616;;knee pad;;;;;;;;;
# index=617;;knot;;;;;;;;;
# index=618;;lab coat; laboratory coat;;;;;;;;
# index=619;;ladle;;;;;;;;;
# index=620;;lampshade; lamp shade;;;;;;;;
# index=621;;laptop; laptop computer;;;;;;;;
# index=622;;lawn mower; mower;;;;;;;;
# index=623;;lens cap; lens cover;;;;;;;;
# index=624;;letter opener; paper knife; paperknife;;;;;;;
# index=625;;library;;;;;;;;;
# index=626;;lifeboat;;;;;;;;;
# index=627;;lighter; light; igniter; ignitor;;;;;;
# index=628;;limousine; limo;;;;;;;;
# index=629;;liner; ocean liner;;;;;;;;
# index=630;;lipstick; lip rouge;;;;;;;;
# index=631;;Loafer;;;;;;;;;
# index=632;;lotion;;;;;;;;;
# index=633;;loudspeaker; speaker; speaker unit; loudspeaker system; speaker system;;;;;
# index=634;;loupe;" ""jewelers loupe""";;;;;;;;
# index=635;;lumbermill; sawmill;;;;;;;;
# index=636;;magnetic compass;;;;;;;;;
# index=637;;mailbag; postbag;;;;;;;;
# index=638;;mailbox; letter box;;;;;;;;
# index=639;;maillot;;;;;;;;;
# index=640;;maillot; tank suit;;;;;;;;
# index=641;;manhole cover;;;;;;;;;
# index=642;;maraca;;;;;;;;;
# index=643;;marimba; xylophone;;;;;;;;
# index=644;;mask;;;;;;;;;
# index=645;;matchstick;;;;;;;;;
# index=646;;maypole;;;;;;;;;
# index=647;;maze; labyrinth;;;;;;;;
# index=648;;measuring cup;;;;;;;;;
# index=649;;medicine chest; medicine cabinet;;;;;;;;
# index=650;;megalith; megalithic structure;;;;;;;;
# index=651;;microphone; mike;;;;;;;;
# index=652;;microwave; microwave oven;;;;;;;;
# index=653;;military uniform;;;;;;;;;
# index=654;;milk can;;;;;;;;;
# index=655;;minibus;;;;;;;;;
# index=656;;miniskirt; mini;;;;;;;;
# index=657;;minivan;;;;;;;;;
# index=658;;missile;;;;;;;;;
# index=659;;mitten;;;;;;;;;
# index=660;;mixing bowl;;;;;;;;;
# index=661;;mobile home; manufactured home;;;;;;;;
# index=662;;Model T;;;;;;;;;
# index=663;;modem;;;;;;;;;
# index=664;;monastery;;;;;;;;;
# index=665;;monitor;;;;;;;;;
# index=666;;moped;;;;;;;;;
# index=667;;mortar;;;;;;;;;
# index=668;;mortarboard;;;;;;;;;
# index=669;;mosque;;;;;;;;;
# index=670;;mosquito net;;;;;;;;;
# index=671;;motor scooter; scooter;;;;;;;;
# index=672;;mountain bike; all-terrain bike; off-roader;;;;;;;
# index=673;;mountain tent;;;;;;;;;
# index=674;;mouse; computer mouse;;;;;;;;
# index=675;;mousetrap;;;;;;;;;
# index=676;;moving van;;;;;;;;;
# index=677;;muzzle;;;;;;;;;
# index=678;;nail;;;;;;;;;
# index=679;;neck brace;;;;;;;;;
# index=680;;necklace;;;;;;;;;
# index=681;;nipple;;;;;;;;;
# index=682;;notebook; notebook computer;;;;;;;;
# index=683;;obelisk;;;;;;;;;
# index=684;;oboe; hautboy; hautbois;;;;;;;
# index=685;;ocarina; sweet potato;;;;;;;;
# index=686;;odometer; hodometer; mileometer; milometer;;;;;;
# index=687;;oil filter;;;;;;;;;
# index=688;;organ; pipe organ;;;;;;;;
# index=689;;oscilloscope; scope; cathode-ray oscilloscope; CRO;;;;;;
# index=690;;overskirt;;;;;;;;;
# index=691;;oxcart;;;;;;;;;
# index=692;;oxygen mask;;;;;;;;;
# index=693;;packet;;;;;;;;;
# index=694;;paddle; boat paddle;;;;;;;;
# index=695;;paddlewheel; paddle wheel;;;;;;;;
# index=696;;padlock;;;;;;;;;
# index=697;;paintbrush;;;;;;;;;
# index=698;;pajama; pyjama;" ""pjs"""; jammies;;;;;;
# index=699;;palace;;;;;;;;;
# index=700;;panpipe; pandean pipe; syrinx;;;;;;;
# index=701;;paper towel;;;;;;;;;
# index=702;;parachute; chute;;;;;;;;
# index=703;;parallel bars; bars;;;;;;;;
# index=704;;park bench;;;;;;;;;
# index=705;;parking meter;;;;;;;;;
# index=706;;passenger car; coach; carriage;;;;;;;
# index=707;;patio; terrace;;;;;;;;
# index=708;;pay-phone; pay-station;;;;;;;;
# index=709;;pedestal; plinth; footstall;;;;;;;
# index=710;;pencil box; pencil case;;;;;;;;
# index=711;;pencil sharpener;;;;;;;;;
# index=712;;perfume; essence;;;;;;;;
# index=713;;Petri dish;;;;;;;;;
# index=714;;photocopier;;;;;;;;;
# index=715;;pick; plectrum; plectron;;;;;;;
# index=716;;pickelhaube;;;;;;;;;
# index=717;;picket fence; paling;;;;;;;;
# index=718;;pickup; pickup truck;;;;;;;;
# index=719;;pier;;;;;;;;;
# index=720;;piggy bank; penny bank;;;;;;;;
# index=721;;pill bottle;;;;;;;;;
# index=722;;pillow;;;;;;;;;
# index=723;;ping-pong ball;;;;;;;;;
# index=724;;pinwheel;;;;;;;;;
# index=725;;pirate; pirate ship;;;;;;;;
# index=726;;pitcher; ewer;;;;;;;;
# index=727;;plane;" ""carpenters plane"""; woodworking plane;;;;;;;
# index=728;;planetarium;;;;;;;;;
# index=729;;plastic bag;;;;;;;;;
# index=730;;plate rack;;;;;;;;;
# index=731;;plow; plough;;;;;;;;
# index=732;;plunger;" ""plumbers helper""";;;;;;;;
# index=733;;Polaroid camera; Polaroid Land camera;;;;;;;;
# index=734;;pole;;;;;;;;;
# index=735;;police van; police wagon; paddy wagon; patrol wagon; wagon; black Maria;;;;
# index=736;;poncho;;;;;;;;;
# index=737;;pool table; billiard table; snooker table;;;;;;;
# index=738;;pop bottle; soda bottle;;;;;;;;
# index=739;;pot; flowerpot;;;;;;;;
# index=740;;"""potters wheel""";;;;;;;;;
# index=741;;power drill;;;;;;;;;
# index=742;;prayer rug; prayer mat;;;;;;;;
# index=743;;printer;;;;;;;;;
# index=744;;prison; prison house;;;;;;;;
# index=745;;projectile; missile;;;;;;;;
# index=746;;projector;;;;;;;;;
# index=747;;puck; hockey puck;;;;;;;;
# index=748;;punching bag; punch bag; punching ball; punchball;;;;;;
# index=749;;purse;;;;;;;;;
# index=750;;quill; quill pen;;;;;;;;
# index=751;;quilt; comforter; comfort; puff;;;;;;
# index=752;;racer; race car; racing car;;;;;;;
# index=753;;racket; racquet;;;;;;;;
# index=754;;radiator;;;;;;;;;
# index=755;;radio; wireless;;;;;;;;
# index=756;;radio telescope; radio reflector;;;;;;;;
# index=757;;rain barrel;;;;;;;;;
# index=758;;recreational vehicle; RV; R.V.;;;;;;;
# index=759;;reel;;;;;;;;;
# index=760;;reflex camera;;;;;;;;;
# index=761;;refrigerator; icebox;;;;;;;;
# index=762;;remote control; remote;;;;;;;;
# index=763;;restaurant; eating house; eating place; eatery;;;;;;
# index=764;;revolver; six-gun; six-shooter;;;;;;;
# index=765;;rifle;;;;;;;;;
# index=766;;rocking chair; rocker;;;;;;;;
# index=767;;rotisserie;;;;;;;;;
# index=768;;rubber eraser; rubber; pencil eraser;;;;;;;
# index=769;;rugby ball;;;;;;;;;
# index=770;;rule; ruler;;;;;;;;
# index=771;;running shoe;;;;;;;;;
# index=772;;safe;;;;;;;;;
# index=773;;safety pin;;;;;;;;;
# index=774;;saltshaker; salt shaker;;;;;;;;
# index=775;;sandal;;;;;;;;;
# index=776;;sarong;;;;;;;;;
# index=777;;sax; saxophone;;;;;;;;
# index=778;;scabbard;;;;;;;;;
# index=779;;scale; weighing machine;;;;;;;;
# index=780;;school bus;;;;;;;;;
# index=781;;schooner;;;;;;;;;
# index=782;;scoreboard;;;;;;;;;
# index=783;;screen; CRT screen;;;;;;;;
# index=784;;screw;;;;;;;;;
# index=785;;screwdriver;;;;;;;;;
# index=786;;seat belt; seatbelt;;;;;;;;
# index=787;;sewing machine;;;;;;;;;
# index=788;;shield; buckler;;;;;;;;
# index=789;;shoe shop; shoe-shop; shoe store;;;;;;;
# index=790;;shoji;;;;;;;;;
# index=791;;shopping basket;;;;;;;;;
# index=792;;shopping cart;;;;;;;;;
# index=793;;shovel;;;;;;;;;
# index=794;;shower cap;;;;;;;;;
# index=795;;shower curtain;;;;;;;;;
# index=796;;ski;;;;;;;;;
# index=797;;ski mask;;;;;;;;;
# index=798;;sleeping bag;;;;;;;;;
# index=799;;slide rule; slipstick;;;;;;;;
# index=800;;sliding door;;;;;;;;;
# index=801;;slot; one-armed bandit;;;;;;;;
# index=802;;snorkel;;;;;;;;;
# index=803;;snowmobile;;;;;;;;;
# index=804;;snowplow; snowplough;;;;;;;;
# index=805;;soap dispenser;;;;;;;;;
# index=806;;soccer ball;;;;;;;;;
# index=807;;sock;;;;;;;;;
# index=808;;solar dish; solar collector; solar furnace;;;;;;;
# index=809;;sombrero;;;;;;;;;
# index=810;;soup bowl;;;;;;;;;
# index=811;;space bar;;;;;;;;;
# index=812;;space heater;;;;;;;;;
# index=813;;space shuttle;;;;;;;;;
# index=814;;spatula;;;;;;;;;
# index=815;;speedboat;;;;;;;;;
# index=816;;spider web;" ""spiders web""";;;;;;;;
# index=817;;spindle;;;;;;;;;
# index=818;;sports car; sport car;;;;;;;;
# index=819;;spotlight; spot;;;;;;;;
# index=820;;stage;;;;;;;;;
# index=821;;steam locomotive;;;;;;;;;
# index=822;;steel arch bridge;;;;;;;;;
# index=823;;steel drum;;;;;;;;;
# index=824;;stethoscope;;;;;;;;;
# index=825;;stole;;;;;;;;;
# index=826;;stone wall;;;;;;;;;
# index=827;;stopwatch; stop watch;;;;;;;;
# index=828;;stove;;;;;;;;;
# index=829;;strainer;;;;;;;;;
# index=830;;streetcar; tram; tramcar; trolley; trolley car;;;;;
# index=831;;stretcher;;;;;;;;;
# index=832;;studio couch; day bed;;;;;;;;
# index=833;;stupa; tope;;;;;;;;
# index=834;;submarine; pigboat; sub; U-boat;;;;;;
# index=835;;suit; suit of clothes;;;;;;;;
# index=836;;sundial;;;;;;;;;
# index=837;;sunglass;;;;;;;;;
# index=838;;sunglasses; dark glasses; shades;;;;;;;
# index=839;;sunscreen; sunblock; sun blocker;;;;;;;
# index=840;;suspension bridge;;;;;;;;;
# index=841;;swab; swob; mop;;;;;;;
# index=842;;sweatshirt;;;;;;;;;
# index=843;;swimming trunks; bathing trunks;;;;;;;;
# index=844;;swing;;;;;;;;;
# index=845;;switch; electric switch; electrical switch;;;;;;;
# index=846;;syringe;;;;;;;;;
# index=847;;table lamp;;;;;;;;;
# index=848;;tank; army tank; armored combat vehicle; armoured combat vehicle;;;;;;
# index=849;;tape player;;;;;;;;;
# index=850;;teapot;;;;;;;;;
# index=851;;teddy; teddy bear;;;;;;;;
# index=852;;television; television system;;;;;;;;
# index=853;;tennis ball;;;;;;;;;
# index=854;;thatch; thatched roof;;;;;;;;
# index=855;;theater curtain; theatre curtain;;;;;;;;
# index=856;;thimble;;;;;;;;;
# index=857;;thresher; thrasher; threshing machine;;;;;;;
# index=858;;throne;;;;;;;;;
# index=859;;tile roof;;;;;;;;;
# index=860;;toaster;;;;;;;;;
# index=861;;tobacco shop; tobacconist shop; tobacconist;;;;;;;
# index=862;;toilet seat;;;;;;;;;
# index=863;;torch;;;;;;;;;
# index=864;;totem pole;;;;;;;;;
# index=865;;tow truck; tow car; wrecker;;;;;;;
# index=866;;toyshop;;;;;;;;;
# index=867;;tractor;;;;;;;;;
# index=868;;trailer truck; tractor trailer; trucking rig; rig; articulated lorry; semi;;;;
# index=869;;tray;;;;;;;;;
# index=870;;trench coat;;;;;;;;;
# index=871;;tricycle; trike; velocipede;;;;;;;
# index=872;;trimaran;;;;;;;;;
# index=873;;tripod;;;;;;;;;
# index=874;;triumphal arch;;;;;;;;;
# index=875;;trolleybus; trolley coach; trackless trolley;;;;;;;
# index=876;;trombone;;;;;;;;;
# index=877;;tub; vat;;;;;;;;
# index=878;;turnstile;;;;;;;;;
# index=879;;typewriter keyboard;;;;;;;;;
# index=880;;umbrella;;;;;;;;;
# index=881;;unicycle; monocycle;;;;;;;;
# index=882;;upright; upright piano;;;;;;;;
# index=883;;vacuum; vacuum cleaner;;;;;;;;
# index=884;;vase;;;;;;;;;
# index=885;;vault;;;;;;;;;
# index=886;;velvet;;;;;;;;;
# index=887;;vending machine;;;;;;;;;
# index=888;;vestment;;;;;;;;;
# index=889;;viaduct;;;;;;;;;
# index=890;;violin; fiddle;;;;;;;;
# index=891;;volleyball;;;;;;;;;
# index=892;;waffle iron;;;;;;;;;
# index=893;;wall clock;;;;;;;;;
# index=894;;wallet; billfold; notecase; pocketbook;;;;;;
# index=895;;wardrobe; closet; press;;;;;;;
# index=896;;warplane; military plane;;;;;;;;
# index=897;;washbasin; handbasin; washbowl; lavabo; wash-hand basin;;;;;
# index=898;;washer; automatic washer; washing machine;;;;;;;
# index=899;;water bottle;;;;;;;;;
# index=900;;water jug;;;;;;;;;
# index=901;;water tower;;;;;;;;;
# index=902;;whiskey jug;;;;;;;;;
# index=903;;whistle;;;;;;;;;
# index=904;;wig;;;;;;;;;
# index=905;;window screen;;;;;;;;;
# index=906;;window shade;;;;;;;;;
# index=907;;Windsor tie;;;;;;;;;
# index=908;;wine bottle;;;;;;;;;
# index=909;;wing;;;;;;;;;
# index=910;;wok;;;;;;;;;
# index=911;;wooden spoon;;;;;;;;;
# index=912;;wool; woolen; woollen;;;;;;;
# index=913;;worm fence; snake fence; snake-rail fence; Virginia fence;;;;;;
# index=914;;wreck;;;;;;;;;
# index=915;;yawl;;;;;;;;;
# index=916;;yurt;;;;;;;;;
# index=917;;web site; website; internet site; site;;;;;;
# index=918;;comic book;;;;;;;;;
# index=919;;crossword puzzle; crossword;;;;;;;;
# index=920;;street sign;;;;;;;;;
# index=921;;traffic light; traffic signal; stoplight;;;;;;;
# index=922;;book jacket; dust cover; dust jacket; dust wrapper;;;;;;
# index=923;;menu;;;;;;;;;
# index=924;;plate;;;;;;;;;
# index=925;;guacamole;;;;;;;;;
# index=926;;consomme;;;;;;;;;
# index=927;;hot pot; hotpot;;;;;;;;
# index=928;;trifle;;;;;;;;;
# index=929;;ice cream; icecream;;;;;;;;
# index=930;;ice lolly; lolly; lollipop; popsicle;;;;;;
# index=931;;French loaf;;;;;;;;;
# index=932;;bagel; beigel;;;;;;;;
# index=933;;pretzel;;;;;;;;;
# index=934;;cheeseburger;;;;;;;;;
# index=935;;hotdog; hot dog; red hot;;;;;;;
# index=936;;mashed potato;;;;;;;;;
# index=937;;head cabbage;;;;;;;;;
# index=938;;broccoli;;;;;;;;;
# index=939;;cauliflower;;;;;;;;;
# index=940;;zucchini; courgette;;;;;;;;
# index=941;;spaghetti squash;;;;;;;;;
# index=942;;acorn squash;;;;;;;;;
# index=943;;butternut squash;;;;;;;;;
# index=944;;cucumber; cuke;;;;;;;;
# index=945;;artichoke; globe artichoke;;;;;;;;
# index=946;;bell pepper;;;;;;;;;
# index=947;;cardoon;;;;;;;;;
# index=948;;mushroom;;;;;;;;;
# index=949;;Granny Smith;;;;;;;;;
# index=950;;strawberry;;;;;;;;;
# index=951;;orange;;;;;;;;;
# index=952;;lemon;;;;;;;;;
# index=953;;fig;;;;;;;;;
# index=954;;pineapple; ananas;;;;;;;;
# index=955;;banana;;;;;;;;;
# index=956;;jackfruit; jak; jack;;;;;;;
# index=957;;custard apple;;;;;;;;;
# index=958;;pomegranate;;;;;;;;;
# index=959;;hay;;;;;;;;;
# index=960;;carbonara;;;;;;;;;
# index=961;;chocolate sauce; chocolate syrup;;;;;;;;
# index=962;;dough;;;;;;;;;
# index=963;;meat loaf; meatloaf;;;;;;;;
# index=964;;pizza; pizza pie;;;;;;;;
# index=965;;potpie;;;;;;;;;
# index=966;;burrito;;;;;;;;;
# index=967;;red wine;;;;;;;;;
# index=968;;espresso;;;;;;;;;
# index=969;;cup;;;;;;;;;
# index=970;;eggnog;;;;;;;;;
# index=971;;alp;;;;;;;;;
# index=972;;bubble;;;;;;;;;
# index=973;;cliff; drop; drop-off;;;;;;;
# index=974;;coral reef;;;;;;;;;
# index=975;;geyser;;;;;;;;;
# index=976;;lakeside; lakeshore;;;;;;;;
# index=977;;promontory; headland; head; foreland;;;;;;
# index=978;;sandbar; sand bar;;;;;;;;
# index=979;;seashore; coast; seacoast; sea-coast;;;;;;
# index=980;;valley; vale;;;;;;;;
# index=981;;volcano;;;;;;;;;
# index=982;;ballplayer; baseball player;;;;;;;;
# index=983;;groom; bridegroom;;;;;;;;
# index=984;;scuba diver;;;;;;;;;
# index=985;;rapeseed;;;;;;;;;
# index=986;;daisy;;;;;;;;;
# index=987;;"""yellow ladys slipper"""; yellow lady-slipper; Cypripedium calceolus; Cypripedium parviflorum;;;;;;
# index=988;;corn;;;;;;;;;
# index=989;;acorn;;;;;;;;;
# index=990;;hip; rose hip; rosehip;;;;;;;
# index=991;;buckeye; horse chestnut; conker;;;;;;;
# index=992;;coral fungus;;;;;;;;;
# index=993;;agaric;;;;;;;;;
# index=994;;gyromitra;;;;;;;;;
# index=995;;stinkhorn; carrion fungus;;;;;;;;
# index=996;;earthstar;;;;;;;;;
# index=997;;hen-of-the-woods; hen of the woods; Polyporus frondosus; Grifola frondosa;;;;;;
# index=998;;bolete;;;;;;;;;
# index=999;;ear; spike; capitulum;;;;;;;
# index=1000;;toilet tissue; toilet paper; bathroom tissue;;;;;;;